X,Y,Z
-0.0155650525978289,-0.0387967419223872,0.999125888941846
0.0645709062869285,0.0284483535192703,0.997507538439348
-0.0541170967179552,0.0641865848103351,0.996469478796619
-0.129418020711724,-0.0289469764637102,0.991167517863993
0.0267531785301945,-0.133919738998582,0.990630996357919
0.0275357052147874,0.138784334551089,0.989939742318458
0.119578667944665,-0.0874929032009405,0.98896204884821
-0.0870554077663115,-0.133417026499795,0.987229078288618
0.16916251194683,0.0126591351916081,0.985506870015648
-0.166965702302016,0.0750675649324245,0.983100867129061
0.137970205406877,0.121878764439275,0.982908840736892
-0.0902479805250424,0.168403906855286,0.981578028567789
-0.197620024067779,-0.123551811736095,0.972461452143055
-0.0263854672238288,-0.231746820800777,0.972418232124487
0.09214172209649,-0.215679306703746,0.972107164724592
-0.240575763739114,-0.0175244253014797,0.970472151284721
-0.00823128610760763,0.243376999617935,0.969896840899065
0.228274422724804,-0.0928759166674907,0.969156773712505
0.104704938917108,0.227448292186625,0.968144694840473
-0.201379645858055,0.177588867950495,0.963280038313961
-0.142212620587061,-0.22842322607388,0.963119099766878
0.246921544552535,0.111626559683325,0.962584677838296
0.194608968461465,-0.193638639169868,0.961577571917527
0.274678554888229,0.00826895008966434,0.961500554315456
-0.278185522204493,0.0877203632629563,0.956513435924884
-0.125912646218338,0.272885311476334,0.953771257851043
0.215213719289365,0.214920546011131,0.952623857528204
0.0427565804307518,-0.317337750334352,0.947348207916499
-0.305970585479795,-0.110363369825305,0.945622507886712
-0.0772596591413988,-0.324529751353139,0.942714901524329
-0.253515010842972,-0.217161890745357,0.942640362219436
0.0704376219787647,0.329305077047088,0.941592644215633
0.157655908860783,-0.302956874620958,0.939873260882116
-0.0435272373977294,0.342891510368551,0.93836602225448
-0.348574350744089,-0.00237089555609788,0.937278134204356
0.342000133319478,-0.0675544062839185,0.937268537293921
0.305714313918247,-0.174963994830133,0.935909375302212
-0.233356426359401,0.277481588043385,0.93195962711573
0.357283388082702,0.0689918815351905,0.93144441642128
0.181872666528103,0.316707289763836,0.930923641218979
-0.312393370686283,0.190927167886304,0.930568212714241
-0.193481635242338,-0.319865438161902,0.927497147323616
0.325951452133334,0.183605264850294,0.927385980900846
0.266959430952173,-0.278957112854815,0.922450861245952
-0.385994272952222,0.104170858285346,0.916600705614053
-0.00812895327716664,-0.410597238542893,0.911780580962091
-0.161810201050959,0.378500520566308,0.911347801208124
0.292891430113008,0.291424957389703,0.910651472505682
-0.360987179311028,-0.202755815766805,0.910262783785982
0.109948868476687,-0.401604496787904,0.909189240191738
-0.410381030977388,-0.0933578574128762,0.907122770011432
0.0359162137211696,0.42759171822466,0.903258184628082
-0.127225480374078,-0.413117953616763,0.901746767969303
-0.304175037906424,-0.307722927680803,0.901545420982316
0.43574001836114,-0.0390947185237729,0.899223131031548
0.412732885054331,-0.150104430983751,0.89839870068571
0.146267699963523,0.415891217000941,0.897574651808337
-0.0759170849143285,0.437241130762207,0.896134359227397
0.225023559770946,-0.383044707757447,0.895902421811116
-0.344491855481899,0.291180143103104,0.892490608224587
-0.452255792418682,0.0155509063326101,0.891752694156841
0.377155746122223,-0.25548582837771,0.890213757849846
-0.264523128289542,0.372351902932488,0.889596298880829
0.453646317581731,0.063275063847949,0.888932666088705
0.427013508940319,0.166857387421707,0.888717095281326
-0.41945946146588,0.20862132665057,0.883476599720281
0.256775071551833,0.394760290300099,0.882173948737851
-0.242825913376981,-0.407500708087183,0.880328773073492
0.398141133024474,0.270173538056625,0.876635555705992
0.33540373341359,-0.356627061872754,0.871964147400701
0.0593443308779189,-0.492561808299623,0.868251758073232
-0.463022255049881,-0.183953973955906,0.867047476666851
-0.0586345995081615,-0.498258115333986,0.865043833712686
-0.48834080855742,0.123041234890107,0.863935245961295
-0.410191826955246,-0.292821493943398,0.863711895127
0.177343085374319,-0.479352844282993,0.859517469716423
-0.510286835812931,-0.0741295162903673,0.856803454714431
-0.0178605891148762,0.518927125206001,0.854631872844621
0.363715078395874,0.371563752575942,0.854196534480893
0.0982982194074101,0.510931076480373,0.853982959518479
-0.146751676432784,0.500081592047343,0.853453189553804
0.513596048670604,-0.108326501980748,0.851166533504788
-0.176324035806188,-0.496875550889159,0.849720260630293
-0.248779760108715,0.466099894531714,0.849034462950577
-0.352072349420406,-0.39432737375999,0.848852745225663
0.483742638670918,-0.217961569925319,0.847635424912968
-0.359932581109008,0.396201416288406,0.844673294704686
0.535569973876863,0.0022788156862394,0.844487779710638
0.211917397170795,0.493358375100039,0.843616340817912
0.291152027436482,-0.456920814418255,0.840508100062685
-0.442747336413436,0.31482907665904,0.839557888765762
0.530443360462883,0.123601666456263,0.838661117132587
-0.550203972704554,0.0355113586722803,0.834274853885322
0.446756951336388,-0.324540623658358,0.833715545032033
0.503317681010224,0.231881143149382,0.832407620961165
-0.516384687217573,0.229948628859649,0.82490634795277
-0.291755868748183,-0.490042052882288,0.821423946240859
0.322434610497968,0.470624193610529,0.821309192899643
-0.509322086761545,-0.272319594029284,0.816353508380157
0.00877734721502941,-0.578058131267891,0.815948377687548
0.470684149073653,0.336315857339859,0.815688712630356
0.12592452568436,-0.567458537561045,0.813716057344482
-0.560024306449527,-0.163491307333974,0.812184319358577
0.401153634413896,-0.42394920024967,0.811999283992411
-0.107497729971046,-0.580221625751763,0.807333328347748
-0.456282007853026,-0.379527988835519,0.804838639107292
-0.0695115161190613,0.593895780157755,0.80153349988484
0.0473723982352782,0.597481476364374,0.800482192985507
-0.582929527516189,0.1425272480677,0.799924464876529
0.243364945971854,-0.550509150336149,0.798569457510296
-0.604169900284868,-0.0526735375998634,0.795112715296698
0.161836399507599,0.585067205036895,0.794673105990591
0.583542908385243,-0.172417834769123,0.793567744006029
-0.176514350161248,0.58296639707944,0.793090703553741
-0.365508350972427,0.487864834162239,0.792711516856711
0.6077551386252,-0.060509369755906,0.791815829373477
0.430793358313836,0.437424974019187,0.789351933257277
0.611587944752005,0.0629870165258049,0.788665215147211
-0.276694346142206,0.549227219704079,0.788536429056429
0.548752342428425,-0.280664253886997,0.787463296458554
-0.223243979313236,-0.574598122831264,0.787400230466806
-0.457100323082533,0.415748180795759,0.786265060143754
-0.40033400806167,-0.474479195544843,0.783965672070147
0.274165565504249,0.564043153214,0.778902153036017
0.600611688207255,0.182373205833638,0.778463623930362
-0.535797379597346,0.333989678324878,0.775481826214555
0.354927880768138,-0.522950224865544,0.774951135083055
0.510889508396997,-0.388203488127192,0.767000627128659
0.572473975292628,0.291108764311442,0.766504556381579
-0.641972942400455,0.0535870630399158,0.764852383078237
-0.602969394375632,-0.251235650370906,0.757171418787708
0.0745011673398534,-0.65053647850909,0.755812057454756
-0.606359996521993,0.247593962716231,0.755661818702204
-0.550971121926601,-0.357569569277674,0.754039008228037
-0.0401349697920421,-0.657809371485238,0.752114362970146
0.385779045048674,0.534787102527695,0.751782736813879
-0.338098485525141,-0.566453343494379,0.75154509094907
0.190040411351914,-0.634773746848503,0.748963905916105
-0.65015947151674,-0.139948982403276,0.746797793195294
0.535984165158341,0.395071715231767,0.746082645906836
0.461099352171316,-0.484833772133143,0.743184768968216
-0.0120070792180137,0.672547415213283,0.739956623281787
-0.153871269550152,-0.655769336489285,0.73911447674053
0.105864962725029,0.668715503310673,0.735943058462529
-0.129779694867484,0.665787157092412,0.734768461660479
0.681808387712168,0.000645594387372074,0.73153052270785
-0.505652572987196,-0.459943349375432,0.729909303130696
0.67302514505309,-0.12259577131108,0.729388395152342
-0.361869987518567,0.583363851215212,0.727142853384854
-0.456458060777925,0.513054612085905,0.72692572094282
0.306864691869218,-0.614475091653518,0.72681113270327
0.646020205325222,-0.233622096918526,0.72669017479456
-0.250337481682809,0.640175094596696,0.726296766840402
0.22019980549112,0.651930048569284,0.725602685658015
-0.669994922094115,0.158362567009006,0.725277947919567
0.680486194071795,0.121539419516352,0.722611035883975
-0.692921480117502,-0.0358452044827527,0.720121478437742
0.606640100163291,-0.339720919988654,0.718733250515054
-0.543852507208456,0.435703186892255,0.717207908025985
0.492018100699071,0.494783186235878,0.71631542437864
-0.267102258259157,-0.645342496436706,0.715674119921699
-0.443750811389912,-0.546806432205393,0.70999150916726
0.6649951714764,0.237339783071071,0.708132225848288
0.332800032039278,0.624756204253542,0.706345399872727
-0.619815542179353,0.35124510921524,0.701751784411902
0.413386631489427,-0.583482234325608,0.699042184086355
0.634338099930817,0.345064257352504,0.691770072548622
-0.640117225236301,-0.337341098406289,0.690254243943358
0.568465532531847,-0.448410194175453,0.689764623681743
-0.688618833003916,-0.22486491347315,0.689376438182389
0.0243386295486422,-0.727562695053472,0.685609331819676
0.136883908987557,-0.71504547302665,0.685545598019841
-0.725752973198013,0.0676709506776525,0.684619065122077
-0.687409303317801,0.262268413891226,0.677261935138182
-0.0876081488484872,-0.73051178119887,0.677257225716342
0.250236811585948,-0.69390079529406,0.675191250252526
-0.598307160778617,-0.432661033717553,0.674413056860177
0.44394296505757,0.590543280629483,0.673923792041252
-0.380552415761791,-0.637456475844707,0.669947087658056
0.0510573333383146,0.741882298762923,0.6685834304667
0.594292874835649,0.447500084953469,0.668251189962441
-0.0610391452925723,0.741656258986066,0.667997167844854
0.513691017399262,-0.540268871435288,0.666506628025072
0.743413920982841,-0.0605314463948529,0.666086845753814
-0.735963105214074,-0.124543687586673,0.665467638316072
0.164555329449624,0.73168623718448,0.661480758499099
-0.170669873482995,0.730314578858664,0.661447208922821
-0.198810112279099,-0.723591875066639,0.66097604918266
0.749220870224775,0.059042596474259,0.659683302366529
0.731171629793301,-0.183787869128976,0.656970369915141
-0.459184712864803,0.599163873762353,0.655859780631012
-0.367035998103621,0.660332378217947,0.65516847174838
0.700965294084799,-0.291829870402231,0.650755701649726
-0.545267660024677,0.528394241639287,0.650755487363461
-0.273481987194,0.708506372093426,0.650558470380206
0.276637890007708,0.709293088457166,0.648363164036159
0.742694393636305,0.175732024739422,0.646160423689183
-0.547209763908786,-0.536092723221929,0.642779951765289
0.366342023187841,-0.672828742784075,0.642724672725608
0.656656918068837,-0.394891524175751,0.642543676403783
-0.747982204706319,0.170740501209422,0.641381557802708
-0.625239054813304,0.449455971313945,0.638016813404165
0.546440563155167,0.545281731975856,0.635665433787362
-0.310078472752476,-0.707234788731829,0.635350528718547
-0.772801507052675,-0.0236810333041567,0.634205833589349
-0.478074759046646,-0.613350683535465,0.628685504659579
0.722419438279208,0.288069612642116,0.628590529254597
0.386991816312265,0.676732639658278,0.626314831796655
-0.716507702141565,-0.310286192166527,0.624771311539359
-0.696241665438559,0.363470314475094,0.618980511650179
0.463737072662701,-0.640382040012077,0.61225711124347
0.0847410260087703,-0.788558104173893,0.609093650313855
0.688683125970328,0.393761133263124,0.608824869675244
0.195233438811673,-0.770839515597295,0.606374756700422
-0.0252785369201414,-0.796553226493604,0.604039694832886
-0.769317829245494,-0.213817390285036,0.602023422481798
0.620090712013939,-0.504728021962329,0.600613963141086
-0.634304419066439,-0.492803543682212,0.59565306285374
-0.799861479424605,0.0779749340135549,0.595097910766173
0.30685821331447,-0.743682108230463,0.593948616312341
0.796316809936442,-0.119751645142199,0.59290731290682
-0.134451283674562,-0.794591555497264,0.592070191996439
-0.759611248859624,0.272561042984589,0.590509295822746
-0.00953212945860575,0.807059394280175,0.590393320263789
0.808516453567223,-0.00250493481945929,0.588468240105301
0.103776658358044,0.801982958176477,0.588263325369298
-0.69879057619224,-0.407517274111981,0.587895740693244
0.496256059537359,0.639159740672922,0.587541274529183
-0.122723697238405,0.80104284128402,0.585891850569507
0.557456676832098,-0.589903467367235,0.584171167247604
0.64519601137329,0.493970084631195,0.582851321005149
0.216490528242613,0.786027467655141,0.579044619414498
0.808987612440645,0.11264325806561,0.576932005811733
-0.445272609671402,0.685610364232401,0.575908613873359
-0.235090459333518,0.783095419085064,0.575755191499254
-0.536387179821092,0.618605311829825,0.574122166006068
-0.810702734391261,-0.116293145742565,0.573791757263758
-0.242242632143892,-0.782547037251358,0.573531726813017
0.782209996701768,-0.243687715450165,0.573379297148492
-0.346718193857765,0.743263445464731,0.572141542525891
-0.433809846942166,-0.697370499074369,0.570511528119091
-0.619916899935229,0.543523178104864,0.565937798735411
0.74861971920319,-0.345606409217751,0.565795657395627
0.326727389303803,0.758508325498773,0.563838924895904
0.796910531496747,0.22542354657684,0.560462157008207
0.699674211685856,-0.443887732049449,0.559838975811592
-0.349907978520997,-0.756899521818432,0.551966955929772
-0.695696760426018,0.461350275835393,0.550601435268154
-0.816389701961946,0.178806790831068,0.54912292438322
0.593671879127902,0.589202112443063,0.548082631202063
-0.534415756819311,-0.644961798691107,0.546282049029962
0.43322601755106,-0.720582596438746,0.54136488566072
0.77204173469227,0.33418283309633,0.540623153367539
-0.7797456946033,-0.316121241490665,0.540429470352995
-0.841362021255046,-0.0165122301333837,0.540219673323405
0.434642238198771,0.720913945976533,0.539786260727435
-0.614264147425351,-0.578689098177178,0.536468531079588
-0.762503681348821,0.372792593491477,0.528785228771942
0.138321665269545,-0.840342558998639,0.524110198768045
0.0290762152516637,-0.852792674842757,0.52143957218567
0.246850611485899,-0.817998611388998,0.51956043669116
0.73504252928093,0.437154188169565,0.518274730151975
0.531292599819278,-0.671697577468141,0.516285325959108
0.839538921352201,-0.177791141082592,0.513385537084297
-0.0805574432411968,-0.855014283097578,0.512309549040008
0.354752100888309,-0.783218891827468,0.510606614136446
0.858223987297733,-0.063167626697456,0.509373574662243
-0.833362560130657,-0.215620116283993,0.508934975047063
-0.700991256951483,-0.499888855712728,0.508647608479387
0.0397550434266975,0.861429132608069,0.50631945056086
0.627185950089319,-0.592738749940639,0.505270777236688
-0.0749022052341345,0.859876858965045,0.504976679726372
0.153097627500165,0.851709829192114,0.501150160442318
0.864859443709728,0.0497147434204043,0.499546381142676
-0.190252173378866,0.845927749207344,0.498207139296111
-0.863361304546934,0.0836530268067564,0.497603686599168
-0.821533289865749,0.279185634600465,0.497130199319146
-0.190044072651896,-0.846675135136558,0.49701555910391
-0.30709695925982,0.813789791225967,0.493393993994423
0.542248888403894,0.680827196514148,0.492382444357459
-0.417933225130838,0.764282623414044,0.491125127517503
-0.515869020710696,0.701910980045905,0.491121298216627
-0.767347642688089,-0.412361626255017,0.491055480015599
0.688282497420403,0.534537226523697,0.490445875918114
0.264085265161424,0.831040418003237,0.489520986648812
0.701596090765024,-0.518682421521567,0.488601546280566
-0.605017670423661,0.630825290240086,0.485811765675387
0.859523328312337,0.161203299672385,0.485008396073324
0.818238785599798,-0.316343044876631,0.480012882846231
-0.300044337773086,-0.825065749355481,0.478790042305381
0.772336526889576,-0.41905917054212,0.477373753799575
-0.871288761867525,-0.115525595960095,0.476979800538157
-0.685491656094661,0.552533146732802,0.474139548219875
-0.502718449583639,-0.723599307111162,0.472946300542111
0.371674027694826,0.799019751000833,0.472679441744267
-0.412102647505586,-0.780845950710327,0.469522107230503
0.84226066004091,0.270198172586234,0.466465355710914
-0.757007804238317,0.467887755603065,0.456092350822735
0.632947421067587,0.626776291100971,0.454454665591191
-0.597617885491125,-0.661536809265006,0.453014252456357
-0.835877975166349,-0.31440475730441,0.449952952225185
-0.874136975177624,0.182831478543691,0.449952440909971
0.476546340918002,0.756538340529743,0.447831803544775
0.81320538516522,0.375175462576649,0.444904904242112
-0.897381774606592,-0.0138452901867401,0.44103770648729
-0.680276342518749,-0.586811477115911,0.439176943992232
0.509969267296284,-0.740194121668785,0.438228260910073
0.869392260353229,-0.236897605456257,0.43363189708207
0.19809129312267,-0.879083343894836,0.433557740186543
0.0869921250906772,-0.897152973239858,0.433069177821617
-0.819090239271048,0.377259861342388,0.432164525326663
0.420878534290808,-0.797890029282971,0.431546938981196
0.309586077697525,-0.848587843507991,0.429016470949915
0.605448126164293,-0.671384382934655,0.427405635053633
-0.0246364500196989,-0.904044546214077,0.426727669352493
0.897009834386285,-0.125348455401006,0.423864508708704
0.773187928865354,0.47465515405842,0.420574501584062
-0.0259058835248974,0.907941871240941,0.418294685175766
0.088700666694991,0.905136354736394,0.415764802577584
-0.142536725803364,0.898398907948376,0.415406648953074
0.90967116047859,-0.0141609786904728,0.415087757559848
-0.136489473635253,-0.899722032089922,0.414573140180056
-0.758693218559627,-0.50286701716832,0.414136889392711
-0.26116854723536,0.872870139805259,0.412175580270495
-0.887705968010649,-0.211072467003155,0.409177868452679
-0.377180565292865,0.831101095811836,0.408663418604748
0.692341068917178,-0.595028447033285,0.408172747144854
0.200064484305612,0.891311180618258,0.406864328031368
-0.484930956676687,0.775293254499568,0.404675594500213
0.910359426678881,0.0966515592470861,0.402373197854935
-0.580920097318162,0.708609433690415,0.400505319586153
-0.248747038878833,-0.88245828312701,0.399239638800485
0.767840069500939,-0.501671307827568,0.398431332316335
-0.873006636751648,0.281497961854865,0.398269142238177
-0.915259984231486,0.0873691259478799,0.393275726552865
0.307539669821974,0.866703710741713,0.392739136415429
-0.823076590985437,-0.410565228164851,0.392404279785193
0.723765778152261,0.568253431133561,0.391473034040133
-0.667073439996491,0.634212072254158,0.390881149530563
-0.362472778040772,-0.847194526638338,0.388426208195904
0.829656552907267,-0.401800236436732,0.38759073030378
0.581935791954646,0.715569012481651,0.386408750442008
0.899291787672661,0.206249877288959,0.385662117329144
-0.469780648820536,-0.797306705903177,0.378956671290506
-0.743405201443713,0.55364563978019,0.375266854410055
0.410501550706474,0.831291335038185,0.374757512477084
-0.9209346482879,-0.109171910898188,0.374113441958023
-0.563442485160319,-0.736682134076995,0.373941170838579
0.876438982802177,0.313560987492089,0.365423338810852
0.879278265669617,-0.311333497908322,0.360473556035944
0.665135324239323,0.656203746808109,0.356358868451524
-0.654554339546534,-0.666825674507102,0.356233261219316
-0.882390098597914,-0.30908528045515,0.354759077829342
-0.8099267885959,0.467229015647862,0.35456401967975
0.50951050993687,0.785460631486037,0.351355427806982
-0.92077288725945,0.184473823120839,0.343724742593661
0.377495167567039,-0.85991594079674,0.343572369708611
0.579067586447221,-0.739498561840531,0.34325297866439
0.841864481563109,0.417345657370664,0.342179480618469
0.262426105927818,-0.902247800686745,0.342171660257674
0.484643026433256,-0.805025573534582,0.342132960827998
0.148965153829905,-0.928045468503573,0.341381006112549
-0.734856711388569,-0.587425762065325,0.338993492251915
0.919511053906845,-0.199384838732269,0.338740472673153
0.0350986425087014,-0.940729885719633,0.337335689496343
-0.941620810440266,-0.00379490173512205,0.336653899526853
-0.866399330239102,0.375460542137962,0.329213580914735
0.669415281668344,-0.66616199281188,0.328802950111151
-0.0791864282707905,-0.941325326945838,0.328079469683835
-0.0910188396660969,0.940412777422853,0.327626889747579
0.941110083981381,-0.0859101348792518,0.327003453427616
-0.211091983703416,0.921181279407949,0.326902469988361
0.0266243300003961,0.944968545987327,0.326076052703396
-0.329918443384458,0.886466525077779,0.324547254850975
-0.443494503328638,0.83731221761711,0.319719995850121
0.140663255167515,0.937452794718627,0.318427552702204
0.795917328338783,0.516581888389113,0.315687755604159
0.753236910097202,-0.577100990033281,0.315576622343649
0.948634431508652,0.0265545657734584,0.315257942632443
-0.193374917012264,-0.929165222632773,0.315052583738477
-0.807262511014834,-0.499228621746584,0.314798382364064
-0.548102330340303,0.775589617311327,0.313120713135363
0.251305039263098,0.918369803671808,0.305683955981954
-0.308196396339139,-0.901345795353648,0.304287263095037
-0.641116312770965,0.704714459814352,0.303887156075291
-0.930999484264554,-0.203642140265252,0.302935371007284
0.822405383598493,-0.48188790123416,0.3023796217875
0.943887310746691,0.137725998249261,0.300180435767597
-0.419069607981275,-0.859029565692289,0.294021885125815
-0.914373651460755,0.27861569663736,0.293758606855366
-0.867312740230405,-0.404096264338321,0.290645522555981
0.358838605090324,0.887440083362292,0.289283518263241
-0.723315062449322,0.627135720199401,0.288991537737547
0.737947472276695,0.611675078823944,0.285108972335418
-0.52314232851208,-0.803828758037945,0.283163260099425
0.927245046898441,0.246769256687012,0.281640829704159
0.878918310196781,-0.38648081981229,0.279526706985318
-0.954605572538317,0.105990850021256,0.278377694132566
-0.616517646812653,-0.738366034494236,0.273352501861325
0.464155654722101,0.843259274627299,0.271059631713282
0.572926396003316,0.773841354168957,0.270046113359562
-0.795427655353286,0.542739259967924,0.269683037636119
-0.9580349554891,-0.102606797988215,0.267658119749064
0.656512715948879,0.705623176926723,0.266621428210983
0.898975595151759,0.352478318893522,0.260003680803826
0.924657269438597,-0.278340262493153,0.259876186576606
-0.918634139676696,-0.300796275944438,0.256189222642979
-0.70330534570192,-0.663521347282021,0.255149000405947
0.328138907679373,-0.909876470037937,0.253869388738168
0.440376358796485,-0.861275710122972,0.25352083497283
0.546084847603509,-0.799342373020932,0.250685280603227
0.213423363730258,-0.944701631487347,0.248976495435226
-0.857246010157122,0.45230462420007,0.246068699750553
0.0975072312426558,-0.964465414181219,0.245558149332577
0.639551801227165,-0.728990676926484,0.244020668184798
0.956808072128158,-0.162838751569675,0.240835740905762
-0.0190049353195688,-0.970915828875306,0.238665593818791
-0.156895703133222,0.958531681584197,0.237909129160071
-0.277884912635341,0.930777916744159,0.237555141032672
0.859595719377677,0.453399886708194,0.235634763905014
-0.779599516553991,-0.580399608156132,0.235288947128828
-0.0359810864951131,0.971296611261198,0.235134545244087
-0.972128736954239,0.00550992141852516,0.234382933580322
-0.395161364859444,0.888304490413938,0.234014162034811
0.727310382758407,-0.645655539960271,0.232698368817724
0.0802230721167036,0.97049448639465,0.227386698330712
-0.134550480369246,-0.964501044570691,0.22723094695585
-0.505774392217256,0.832281415320187,0.226935915821829
0.972814431884558,-0.0474104379903059,0.226681122916515
-0.951494097571908,0.213955871726047,0.221092440485349
-0.909097293566641,0.353159113966178,0.220954183152149
-0.250058352953979,-0.943671067028156,0.216692725701357
0.803409785454344,-0.554597737330863,0.216688870004189
-0.606074594092545,0.765496904285595,0.216074237068482
0.192641967993843,0.957320164419936,0.215469661350379
0.97498130200458,0.0665770806208519,0.212082420481891
-0.845725547995889,-0.490329878669903,0.21053481315595
0.809762982226128,0.548291993274703,0.208949282667114
-0.362694864029903,-0.908697171762679,0.206692732423853
-0.694056270967369,0.691377031255645,0.200707980367002
0.301713868629764,0.932051574717252,0.200620546165023
0.866235219676255,-0.459485671529643,0.196238278252189
-0.470197608341459,-0.860477157276747,0.196197020657556
0.964484260533757,0.178629154864187,0.194580924592206
-0.962964869013365,-0.19265381154412,0.188635017808451
-0.89990383189736,-0.394906614470357,0.184991511113374
0.407508079607921,0.894315465694641,0.184762043920395
-0.571173243881065,-0.799993653648498,0.18376963730853
0.748897546563685,0.636821684625651,0.183331957774527
-0.771823207485001,0.609148871279404,0.182281620045996
0.91811146902966,-0.354321984196718,0.177559178729514
0.510207609737672,0.841956754250611,0.175490794452436
0.941776189568262,0.287776403390991,0.173903278904198
-0.6622912219343,-0.72968033391242,0.17010863484912
-0.979120015905241,0.114012010909911,0.168301086811701
0.599192403713123,0.783057286389993,0.166702578156519
0.680428182791337,0.71416551867967,0.164271421715031
0.38970036733211,-0.906426973704134,0.16286118335191
0.499638235288559,-0.851000098708886,0.161741973016285
-0.838745040743615,0.520662298839293,0.159428752724763
0.957217888113325,-0.241540225037224,0.159349409678331
-0.983211572434037,-0.0901249772811115,0.158658413901902
0.278267040534089,-0.94747341295362,0.157675571660351
-0.943680591559474,-0.291783985228612,0.155977713401852
0.600946556178988,-0.784252669833567,0.154308089468884
0.161271150486211,-0.974956033499264,0.153141597106197
-0.744773272958334,-0.650204211603646,0.150157434380758
0.907321406047307,0.392710529806566,0.150154273690042
-0.221366721068311,0.96389855882115,0.147974129853749
0.0428022062228086,-0.988130125002241,0.147535850577123
0.693272519090056,-0.705622809987105,0.146525302594567
-0.341674833378151,0.928344401654612,0.146406899265554
-0.0989963992027677,0.984439327349065,0.145185824767459
-0.456445452559206,0.878572083391675,0.140601006834353
0.98225725451949,-0.12429354560565,0.140434327942318
-0.895519874453873,0.423235515841605,0.137534914070607
-0.0733308469663962,-0.987894902152478,0.136697656104032
0.0191447185909428,0.990588238290412,0.135530151297676
-0.941809910294144,0.308738557319021,0.132945838958228
0.773756721473473,-0.619858340857178,0.130675832671577
-0.562170099136377,0.816857704241731,0.129260476008426
-0.991477399051821,0.0163421591019881,0.12924976210934
-0.816118384119346,-0.563743135268706,0.127060853687659
-0.189032462595696,-0.973816065988756,0.126289341225577
0.992255498060536,-0.00739076585805123,0.123993560916161
0.861646935202755,0.492181414194432,0.123782125435252
0.133517012476785,0.983363088046377,0.123167546241566
-0.302735443799505,-0.945936373215904,0.116428642930591
-0.972083994099918,0.204837798203648,0.11442982496636
-0.655096559405834,0.74722581805123,0.111812676796101
0.842255338136084,-0.527561443949214,0.110837124825084
0.244905050034599,0.963421883048678,0.108810807048243
0.988431546461394,0.107729927467454,0.106758328423567
-0.411817274279222,-0.905050818550325,0.106252286783006
-0.876165603146745,-0.471330361129632,0.100903550680393
0.804197857708787,0.586367231511116,0.097155933769306
-0.515578667507653,-0.851451818176204,0.095960611375024
-0.738119287308606,0.668089692840778,0.0940004256530231
0.353486703182807,0.930742141743622,0.0936280740774093
0.899930068353766,-0.426162379104726,0.0922577839999775
0.971573260197649,0.220231482504361,0.0868532911457207
0.459278706577481,0.884526561101886,0.0817057671758082
-0.613238452579757,-0.785667397221745,0.0816415410216782
-0.925804204272534,-0.370222858375227,0.0762994789482631
0.945237141024026,-0.317467812104602,0.0757689613644158
0.73443982164309,0.674777025623796,0.0726230960175101
-0.809260220660011,0.583140169674831,0.0710312450187882
0.44704674279443,-0.89174576077365,0.0702759411115518
0.557881223277386,0.827005803802932,0.0694977783155313
-0.985938806568849,-0.1522980377808,0.0687748310773
0.551252620442749,-0.83176451474777,0.0654854217471992
-0.70096887015424,-0.71026399062217,0.0645577779989298
0.340392886185664,-0.938112746900965,0.0638526204326747
0.94225573830395,0.328763297114594,0.0637872879468862
0.650028326743974,0.757233506086487,0.0637227721493335
-0.964988425028066,-0.254799441167568,0.0622461592594088
0.225045253325288,-0.972413752246459,0.0613687900949547
0.650390619367907,-0.757357272102428,0.0583267059913387
0.977602263312148,-0.202371544269937,0.057789037340719
-0.283392783767641,0.957297040016421,0.0571918463089462
0.104985841706332,-0.992886889689,0.0561568991746877
-0.16092212861665,0.985397229980687,0.0556450147621011
-0.401772664329604,0.914189349601016,0.0532593585538045
-0.869901015318721,0.490762573179951,0.049237387352012
-0.0428641854662708,0.998094361330176,0.0443881457736375
-0.0107576480210568,-0.998957750886229,0.0443585950339014
-0.995796503520563,0.0806041335597788,0.0435005428621229
-0.511833351246926,0.858020929101256,0.042739978656492
0.734982140604968,-0.676743050803032,0.0426625852655916
-0.998160749593851,-0.0438835300947384,0.0418252765282558
-0.778118948407018,-0.626757804631104,0.0412983833092153
0.995738394688498,-0.0838588091212038,0.0383764182271652
0.901200026867522,0.431752351634026,0.0377944232984987
-0.920431979417065,0.389166636236852,0.0368008220896838
-0.125984746644639,-0.991455697248552,0.0338148489021267
0.072445405832457,0.996903157833457,0.0305901467053095
-0.957160445967013,0.288544347809688,0.0242082635335466
-0.240340578468478,-0.970386980088335,0.0241974216907391
0.807775579476374,-0.589026222849566,0.0233820871006144
-0.607991475621608,0.793608265886837,0.0230713217555243
0.999223454338527,0.0340350521987369,0.0198520407417454
0.185296221426941,0.982548272060622,0.0162543346705967
-0.842645874728733,-0.538266976067649,0.0147170743572821
-0.983387763441423,0.180980739422401,0.0139455610068728
-0.350201314616866,-0.936578315907093,0.0134200377515343
0.84800086899176,0.529862445905762,0.0118454467194268
-0.696466523239544,0.717568061377435,0.00551899426084566
0.870220686655215,-0.492631784057775,0.00546642967384316
-0.455072752377671,-0.890446280089328,0.0037699228757249
0.29598343525386,0.955191466477758,0.00175169158081028
0.988742383713324,0.149627771509748,0.00016923924180682
-0.554786105959831,-0.831974067463113,-0.00561495350022791
-0.898496165069025,-0.438917451678645,-0.00749079222648013
0.404470601019951,0.914487327927108,-0.010791662119309
0.921537100458097,-0.388110830176493,-0.0118049133413353
0.781685508707152,0.623552963617315,-0.0122256714050933
-0.771713366036468,0.635692731096669,-0.0187944755585864
-0.648782773564738,-0.760644245832705,-0.0223884793418702
0.964970613796285,0.261398525440729,-0.0224170784678282
0.507962431050075,0.861074296658307,-0.0229177720579234
-0.944569950609282,-0.327398274337799,-0.0244535961897157
0.960224496746807,-0.277984552793914,-0.0263344689581607
0.494468415525593,-0.868764045820288,-0.0273864699728693
0.699887592345546,0.713726710172249,-0.0274142529982766
0.598077306044772,-0.800910432353767,-0.0290863428627531
0.606916040452888,0.794172543809796,-0.0307065221030655
0.286582028808583,-0.957535626281054,-0.0315636684576839
0.399284835709217,-0.916205889099141,-0.033740017082322
-0.220609565773544,0.974778233901809,-0.0337463212880877
0.166277845588309,-0.985489592222797,-0.0340872657609182
-0.342079290514002,0.939027460261496,-0.0347733788447592
-0.976137792813799,-0.213770068540302,-0.0381754795239059
-0.836349482506453,0.546585893272624,-0.0419929087651229
-0.456096767046933,0.888859465136435,-0.0436416123293644
-0.731029793072712,-0.680932996351347,-0.0438827542440604
0.985908714274989,-0.161326372066805,-0.0442471331545886
0.686189822813923,-0.725957075362127,-0.0461503174232184
-0.993374583929187,-0.105104030251529,-0.0464766482053024
-0.104174345083955,0.99346850081731,-0.0465622562827028
0.928954234929541,0.3670037648875,-0.0485001645860344
0.0522125809388122,-0.997442917735775,-0.0488003304338466
-0.998442885159028,0.0139839322751846,-0.0540023584062707
-0.891444783337589,0.449340183924187,-0.0584773235637193
-0.0617329171556181,-0.996284416112602,-0.060053385838172
0.0102848233002188,0.998047872974113,-0.0616008576363409
0.997039339156116,-0.041942464790565,-0.0644467673543592
0.762856754802488,-0.643232369986021,-0.0655872689962291
-0.553456582513826,0.830275913976594,-0.0657853930781625
-0.17666474044106,-0.981853941684641,-0.0689377014646273
-0.934732413227252,0.347783328686965,-0.072952532168341
-0.798527754124311,-0.597506746604219,-0.0730692387781971
0.880750309313545,0.46775702243642,-0.0740422893048876
-0.989625124350031,0.122260925934847,-0.0754611108103955
0.123389333521735,0.989397321195985,-0.0766029580582296
-0.286761209452275,-0.95458581829131,-0.0808326930800875
-0.647182337203884,0.757937756003549,-0.0817641757472192
-0.967330580498447,0.239907073799718,-0.0819520833987393
0.829395217350139,-0.552315669428229,-0.0839700824148864
0.993456419883537,0.076372500691738,-0.0849210393852816
0.234787979415561,0.967824621147739,-0.0904992122738874
-0.392021518798221,-0.915389297456211,-0.0915508760294561
-0.860351364525307,-0.501182676622047,-0.0927979213851407
0.819587726591301,0.564782109758359,-0.0964216102219829
0.885631886094643,-0.453614653103958,-0.0994480207033886
-0.492334517749368,-0.864674659723365,-0.0997218905997063
0.344768628492925,0.933060273038495,-0.102630987934625
0.975653479717225,0.191212808506591,-0.107414847105469
-0.587597668897549,-0.80198642001507,-0.107455858926248
-0.725791046966508,0.679385007117946,-0.107997075176178
-0.912635848121179,-0.393939679606935,-0.109120747593306
0.743394576392149,0.659279599617785,-0.112760424434065
0.451535125286262,0.884951400915281,-0.113916849722948
0.93059019467833,-0.347171420198608,-0.116077106122738
0.536240974457521,-0.835935883722912,-0.116862378964499
0.653622225410439,0.746959669673644,-0.121775360112569
0.554789213577241,0.823029994693219,-0.121780771608764
-0.277007833786615,0.952939840737489,-0.123175971504411
0.225071843160093,-0.966515014825994,-0.123253363168829
0.347898080648263,-0.929234082356349,-0.124462627598045
-0.950724942631766,-0.282846101457821,-0.126965217079077
0.963115064892795,-0.236713777425265,-0.127968587370535
-0.676445634311005,-0.725049304647771,-0.129324435631344
-0.395716429891697,0.90918323634308,-0.129593016272071
-0.793841183989451,0.593418083224782,-0.13293288947455
0.944831131011947,0.298757681381401,-0.134305553445472
0.626200563305257,-0.767916476808905,-0.134822621104831
-0.163909531724698,0.976860976230575,-0.137391042385002
-0.975915842147617,-0.166707440722061,-0.140701450785727
0.114812520949809,-0.983195904915798,-0.141929199215503
0.982121872377427,-0.118844043221215,-0.145988770762311
-0.987753723891755,-0.0505902456583364,-0.147591354700064
0.446884018591221,-0.881835459436768,-0.150535365969945
-0.852839751104864,0.499529008104879,-0.152102363548861
-0.0517208837124896,0.986758540054137,-0.153728767048423
0.705826585715077,-0.69141235564755,-0.154135607033882
0.00338459694903624,-0.987982568162297,-0.154528280618546
-0.491204263423252,0.857091323317687,-0.155283080496092
0.90179808212361,0.401330675164193,-0.160293194647908
-0.112965707028506,-0.980361889055552,-0.161645648017444
-0.742354528540653,-0.650142979537314,-0.161937827926424
-0.984338473754422,0.0623197493651809,-0.164906088201362
0.985926706047772,0.00109261558804028,-0.167174568918142
-0.590916214413369,0.789156095495217,-0.167483385701738
-0.901145596039583,0.399730249345414,-0.167786598084349
0.0601628244262546,0.983760531019716,-0.169102490120232
0.776563421844464,-0.605673707109969,-0.173518334388285
-0.223374002512188,-0.958875389768179,-0.175105802012979
-0.968063572040707,0.179070663153514,-0.175461158338672
-0.939423957315891,0.293206474623781,-0.177517862931155
-0.81121585951731,-0.556959078712919,-0.178116293209941
0.846395411065047,0.500484120412084,-0.182017728101886
0.171345135233229,0.967992120104931,-0.183390566951159
-0.328970944907031,-0.92552290498482,-0.187577903164085
0.974546677083773,0.118867026832801,-0.190077363504723
0.837383869426758,-0.512398053730499,-0.190358844704068
0.281137749788124,0.939740704514895,-0.194548127520978
-0.870011675577012,-0.452989359247449,-0.194628684340891
-0.671816589359238,0.714368871872306,-0.195804967152547
0.777529934670084,0.597194030275423,-0.196993631611106
-0.429926943499914,-0.881101351956866,-0.197036115553988
-0.525872517232508,-0.826001515332815,-0.202927554283393
0.888128142851156,-0.412306962650038,-0.203055092095859
0.389557891144418,0.898074468620924,-0.204222668326409
0.694025074269032,0.68939328266638,-0.207523729005476
-0.616869955300694,-0.75898119980293,-0.208372254854202
0.280879306626578,-0.936626250411145,-0.209375457371995
0.495833121867916,0.842303968197863,-0.211361161088904
0.598608720126784,0.772291711073326,-0.212680777682439
-0.330026661259988,0.919625145944961,-0.213007027591331
-0.912655079261407,-0.34880192469671,-0.213067885018429
0.545450674023261,-0.809752662706936,-0.216296526663275
0.94891124980517,0.227593062214453,-0.218560833694051
0.926845671960722,-0.304197523941625,-0.220047646648315
-0.742421892620829,0.631892527881812,-0.22253441658413
-0.945832666976457,-0.232923627294728,-0.226157356564119
0.95405925468295,-0.194456647889241,-0.227941989649766
-0.222152502112704,0.947852406225058,-0.22852588872693
0.176215687770206,-0.955657558457,-0.235937835769678
0.376214175332586,-0.895640062304964,-0.237258873539396
-0.964049984371725,-0.115009241448273,-0.239542276048238
0.631828495888856,-0.736902482832454,-0.240348668767253
-0.804547641945391,0.541538654219673,-0.243801103004186
-0.11427466615512,0.962661577827262,-0.245405760425998
0.910978481745397,0.331255878513783,-0.245739188463935
0.966234942648151,-0.0752070215471141,-0.246442568392184
-0.418984616662048,0.873781197136454,-0.246897368417206
0.0714045639319502,-0.965842173700783,-0.249098943696346
-0.527505390045031,0.81174764243298,-0.250606920251495
-0.0490771435541964,-0.966528066992928,-0.251823211192841
-0.967574845560274,0.000817514758891746,-0.252583154443503
0.708943124659207,-0.655941561983066,-0.259114479066021
-0.749882037208721,-0.608215450995696,-0.260290021786854
-0.856914489014583,0.444582095900257,-0.26085305925331
-0.0046152216373276,0.965300112284445,-0.26110226531548
-0.67359372355184,-0.690624371284688,-0.263266924202788
-0.956830378387206,0.11682399871861,-0.266134891208933
-0.160629011736853,-0.950076989357873,-0.267492121157094
0.86123080725624,0.431756579113124,-0.268081616350875
0.961992699032182,0.0451376221084361,-0.269318848354833
-0.899924159666724,0.341012797818439,-0.271747637657039
0.461794093771612,-0.844188947248133,-0.272197054175363
-0.93390265049638,0.23081391866126,-0.273039876845984
0.105364898694009,0.955613802994523,-0.275137234211486
-0.818015865835307,-0.504032380133048,-0.277130660554058
0.775816489381806,-0.565992192133372,-0.278857693541617
-0.609692347125111,0.740945878769252,-0.28155718174455
-0.267597565884749,-0.921322099909863,-0.282058736702549
0.79949093052587,0.529746758103225,-0.283165365618751
0.215014773760921,0.933363672505232,-0.287403726336464
0.725073203052151,0.623863056648856,-0.291656881908247
-0.370803072072618,-0.881239725211179,-0.293123913134419
0.831918560427663,-0.470278555697933,-0.294532831559795
0.322919515267825,0.899390230226537,-0.294652677626133
0.636027731963315,0.711637954113119,-0.298395955802514
-0.470311325275251,-0.830018445775241,-0.299794324480451
0.430795025112612,0.851158726589999,-0.299907433198837
-0.567053767085776,-0.767077925210862,-0.300069128515463
0.941324384878236,0.154008064191952,-0.300316364185267
0.536509225829083,0.788203648190266,-0.301484426761704
-0.861701221828157,-0.406746601536322,-0.303361511135664
0.878330045109126,-0.368933705477321,-0.304013573416344
-0.903683981477381,-0.29654316853228,-0.308897087746104
-0.682101588226003,0.662280470402739,-0.310035484844381
-0.29726442752548,0.902896428101212,-0.31050265739607
0.266620417424091,-0.912246619808417,-0.310997841890777
0.546860879974071,-0.774033933566707,-0.319084076132349
0.910346259814666,-0.258393261594004,-0.323268633808263
-0.928301901472685,-0.181796483172261,-0.32435415586731
0.933591363547041,-0.151182626723343,-0.324886102022551
0.908334815139355,0.2579471389497,-0.3292280928375
-0.4590550091874,0.824252204867062,-0.331476697992096
-0.746664741745476,0.575756600656834,-0.333160772352101
-0.187399193966288,0.923995522876801,-0.333337390348598
0.0184875924934111,-0.941713356510686,-0.335907968189466
-0.939240356426095,-0.0619327289925378,-0.337626850146903
0.159610578723772,-0.926650844674295,-0.340356688231448
0.628781585916932,-0.698064991374106,-0.342547785031018
0.365912817607803,-0.864802562038487,-0.343837663152232
0.938267922103983,-0.0290516986923357,-0.3446872570226
-0.0774185539356895,0.933821997332594,-0.349260425476853
-0.80232575088646,0.482309479257776,-0.351640378344936
-0.758102164199833,-0.548771933784694,-0.352321548199563
0.864023334254327,0.359021461115194,-0.352940885025732
-0.933872756136168,0.0531305334262648,-0.353636567346305
-0.0943487746097296,-0.929882666755491,-0.355551029807733
-0.685405892818147,-0.633988965790908,-0.358157442119431
0.702292667378699,-0.613909766064515,-0.360416160121495
-0.849265600307125,0.382321772904592,-0.364112622821661
0.0334881567564581,0.930606204922248,-0.364486810073104
-0.916245162286445,0.16611566622809,-0.364555054854934
-0.539303419808045,0.758762513244119,-0.365282452191199
-0.887720622629162,0.276341286839796,-0.368222201050694
0.80872118821726,0.457651815330279,-0.369492700406061
-0.366550273859873,0.853199514038119,-0.371068034164046
-0.202237828157902,-0.905732197264217,-0.372490332358986
-0.605075477797346,-0.702707461736912,-0.374280495601333
0.143641919957423,0.915180725477276,-0.376578329894104
0.742445144394911,0.552743624864262,-0.378483411441421
0.922177860437808,0.0783936779783151,-0.378737937063847
0.454551786601562,-0.805283908912186,-0.380657982110501
0.76425780828839,-0.520037252668008,-0.381406945804265
0.664342772610512,0.642587934469927,-0.381745238285759
-0.306811449745115,-0.870272721849767,-0.385346758010884
0.57069602807737,0.724622079513685,-0.386301547263245
0.253112467612938,0.886765503135383,-0.386757057062881
0.360059003576333,0.848356951232822,-0.388133993922936
0.46776265396703,0.793940566771539,-0.388402466506339
-0.797410516942571,-0.45809616627514,-0.392790491118867
-0.408107063050056,-0.823999057213884,-0.393032032790317
-0.50653856600434,-0.767173099058448,-0.393527784573495
-0.612325361642525,0.684998009447559,-0.394759899866024
0.815343375237435,-0.422657810360404,-0.395696292373047
-0.849526067398436,-0.348345793371045,-0.39618262083444
0.857885883036097,-0.321259285792974,-0.401029030095283
-0.879359834375437,-0.24668704845782,-0.407273595768708
0.264670116732411,-0.873995806913038,-0.407530439117472
0.0837118418070611,-0.908422184116806,-0.409586941864266
0.893956651643935,0.18155951023192,-0.409728750792412
-0.260869703723151,0.87249012037668,-0.413168231504409
0.903260951563793,-0.104038048337743,-0.416288046763469
-0.900224210286858,-0.125950458339539,-0.416812731640317
0.537893321517226,-0.731694987544495,-0.418680331362039
-0.67865236061721,0.602975519369634,-0.419346511216688
0.88079483959024,-0.205927198665712,-0.426373591350234
-0.152860609672865,0.887971132241364,-0.43375212082067
-0.443732576701338,0.784053698153418,-0.434005989343397
0.854889810395358,0.282400459486669,-0.435216489306077
-0.899289366973533,-0.012150939537324,-0.437185302951395
-0.0255106589450648,-0.898291000500609,-0.438659873592062
-0.737134888648212,0.513538882686587,-0.439215177227063
0.616696073606515,-0.652252856606047,-0.440740472214159
-0.707462367438028,-0.550495887232016,-0.443228244586934
0.358111670087015,-0.819729941203911,-0.446988652251174
-0.0431933056091863,0.892970022974482,-0.448038922884501
-0.88658306706559,0.0993686072688245,-0.451770234834065
0.891526910896163,-0.000214454006144651,-0.452967682243915
-0.787541251568211,0.417388169844253,-0.453393750235312
0.805534210081084,0.380998108698866,-0.45382273803428
0.687085635300301,-0.564578985678225,-0.457344398341697
0.170844142870372,-0.872521681344751,-0.457731574648524
-0.132840432859998,-0.878896990638667,-0.458141352907444
-0.863233690001355,0.20892283214943,-0.45954199661544
-0.627617679229984,-0.628167657387539,-0.459892860273151
-0.829911555427895,0.315360181211125,-0.460211653778714
0.067791520634599,0.883897128747771,-0.46274201832284
0.746209755745644,0.476436406101479,-0.464950912861922
0.596676131270113,0.652162349765897,-0.467612942421779
0.67698873780719,0.56730044611461,-0.468888529098754
-0.523046078051623,0.711710523801192,-0.468925293138948
0.498384934752364,0.7277364013548,-0.471181692083901
0.177763556807636,0.863558651800781,-0.47187559035313
-0.238138238824173,-0.848332379737118,-0.472887251571958
-0.539794675666441,-0.695672458911531,-0.473984744516261
0.392486270007837,0.788193703709508,-0.474030814703036
-0.79175419776604,-0.384859481702482,-0.474350576750521
-0.341956833866831,0.811120923206932,-0.474498020762687
0.287288933745299,0.828911581948395,-0.479969434296913
0.743063531783448,-0.465022648741744,-0.481259310445752
-0.3410592494228,-0.80691562284567,-0.482250729383316
0.443765042948749,-0.755004119089386,-0.482743582883041
-0.441357392116117,-0.755271271709789,-0.484529626085277
0.86813390681579,0.101042335166259,-0.485936175172114
-0.849985725897418,-0.19000496528877,-0.491347513412098
0.827781599881155,-0.270004509742261,-0.491808080064812
0.786565613847867,-0.369810973890152,-0.494524396468511
-0.594811533333864,0.631600661767161,-0.497272404088847
-0.728462492140022,-0.465588865312302,-0.502562837904229
0.0603732137967747,-0.859489776104029,-0.507575018916904
0.258065814313178,-0.821223451484244,-0.508914607979749
0.854757003193302,-0.100334306274078,-0.509238149078117
-0.234735822530735,0.827763845246426,-0.509613687143182
-0.810247565419019,-0.285285522974662,-0.511967824295264
0.834306330625134,0.201072888177352,-0.513325082495334
0.524350576618166,-0.678574986808157,-0.514385516979732
-0.853376501420094,-0.0802203453591986,-0.515085665704698
-0.658401348408461,0.544164596095095,-0.519992842999384
-0.125489082425533,0.839907891204511,-0.528021992424927
-0.421937004767693,0.736142860210272,-0.529209649731662
-0.845318027801594,0.0294119094462677,-0.533453251425416
0.600099420795849,-0.595642821418757,-0.533938493136419
0.790501455186234,0.299321824303388,-0.534335002450839
-0.0509551069279273,-0.843361188624048,-0.534925679511272
-0.713555072244985,0.45007022932866,-0.536913351990339
-0.646379482125334,-0.541454551874298,-0.537606299574315
-0.0144707654754554,0.841233771745995,-0.540477879492363
-0.826993063620225,0.138592949987921,-0.544861878770832
0.34479091729933,-0.763294796794409,-0.546351788259605
-0.760441761326752,0.350283294508818,-0.54683630203043
0.668137346944263,-0.50329221010264,-0.547986712309963
0.737306118018082,0.39480622818243,-0.548185853996133
0.522794905005444,0.652423249172052,-0.548661454122788
-0.798509316969792,0.246001663099579,-0.549423381796477
0.834696571678365,0.0063409389436403,-0.550673610881888
0.8132138984076,-0.185901769724869,-0.551474104060993
-0.159681468738965,-0.817686065889581,-0.553074430968732
0.418701819515711,0.720185983195051,-0.553191590629875
-0.561894420674067,-0.61431693573606,-0.553975958398207
0.604048015820834,0.572452680310259,-0.554458225106738
0.0978866469694902,0.826381866836294,-0.55453693701072
0.675080432356708,0.48623703063286,-0.554833272155176
0.150506425889225,-0.816694518223895,-0.55709772901089
0.208003789752112,0.802154912204503,-0.559715928194782
-0.499415617929595,0.657512785570961,-0.5641462375827
-0.265777493360559,-0.781118857923897,-0.564991728982509
-0.469504691220971,-0.678417187613795,-0.565080051383599
0.317482411757573,0.760098774322233,-0.566969815332733
-0.738580216398074,-0.36344916874494,-0.567806274783915
-0.317368705183853,0.758917533353565,-0.568613473757407
-0.369114148075168,-0.734101105237908,-0.56995641322756
0.426418100126712,-0.695188307162814,-0.578688881410751
-0.797696146581944,-0.1673386387502,-0.579377802223685
0.761112523780018,-0.288132842160521,-0.581108588315224
0.715428899453068,-0.38728022138879,-0.581528606302753
0.805186157140182,0.109629082467402,-0.582800752081859
-0.568536070050151,0.571840493571866,-0.591409491776565
-0.666220258101641,-0.445546332702126,-0.598029291181184
0.0374689223607587,-0.800528435206504,-0.598122315486514
-0.208593019248824,0.773016327208057,-0.599111600781045
0.237930971393482,-0.761821201775941,-0.602509177835836
0.791719211444947,-0.0857473210986602,-0.604837240217064
-0.794559708367273,-0.0530140320238101,-0.60486724349058
0.502906937142543,-0.617379361966421,-0.604919280558853
0.765883121570377,0.210071797129921,-0.607694729403029
-0.749337088243334,-0.259119279994675,-0.609385860451358
-0.628902699467725,0.479449036419221,-0.612053932328588
-0.0981906128846403,0.782139602350876,-0.615318003942475
-0.396380363772849,0.678917179332512,-0.618024328665538
0.574181261623092,-0.533383284455006,-0.621142617009093
-0.781276596882894,0.0595593936923732,-0.621336911655891
-0.0746685091499595,-0.77829687946224,-0.623440920345034
0.441945486741696,0.644608824910901,-0.623829824227435
-0.581208443746407,-0.520869032644288,-0.625213720059056
0.717341248135805,0.307262609264922,-0.625308901800284
0.013926408011535,0.780039932862957,-0.6255747423762
-0.680665284615627,0.381111064365845,-0.625658954173167
0.639636045377558,-0.441970782664381,-0.628909816050595
-0.757615774404178,0.170164612191669,-0.630128830582776
-0.723830886897212,0.277753910460759,-0.631602416396068
0.522634263400947,0.569569063486839,-0.63438514219524
0.660239770481652,0.400238454301413,-0.635525471694685
0.323520050724324,-0.698825323274282,-0.637948230133077
0.595118293894605,0.487969934745947,-0.63852921550702
0.127641900239576,0.758396326877256,-0.639173338525877
0.236943289603805,0.731548232277991,-0.63929262576904
-0.184116806877449,-0.746536083905857,-0.639362867901913
-0.491493038147596,-0.591074642030434,-0.639582176894448
0.744898064828952,-0.186094955736183,-0.640699258984768
0.765820247779536,0.0173093706689007,-0.642821696723077
0.127520614862597,-0.751948253838174,-0.64677068295864
-0.394357000365591,-0.652378060954372,-0.647213582867407
-0.290762190041212,-0.704351959294836,-0.647569043639335
0.344948115159378,0.677909317851431,-0.649191616256865
-0.470157385682964,0.594821698904839,-0.652026977355786
-0.675672346091498,-0.340356161139956,-0.65393009129515
-0.290081764879542,0.697738495911908,-0.654991267886038
-0.736644988617038,-0.140527692603805,-0.661518048398421
0.69240587285414,-0.28521662422592,-0.662740963350137
0.404021829357484,-0.625672268213812,-0.667308455057191
0.730726783698142,0.118998798423707,-0.672218456723618
-0.535212873597603,0.504447718725674,-0.677554188982593
-0.18046709741852,0.709260084412395,-0.681455618076964
0.0145489427182795,-0.731706077971364,-0.681464998166116
-0.597120383340612,-0.420583530314266,-0.683049589581568
-0.727077281342463,-0.024298886255508,-0.686125492226017
0.21556474275445,-0.692939033028351,-0.688016960682614
0.479616016174236,-0.54330321090707,-0.689050141896236
0.719626138350107,-0.0813568815150355,-0.689579059161066
0.626193973887189,-0.360730125842057,-0.691198150588776
0.686172846383644,0.218318705612562,-0.693904725207592
-0.681200007692659,-0.231021474484997,-0.694691030492189
-0.0695110896082523,0.715401716188896,-0.695247145190439
-0.59147994051523,0.408183580124564,-0.695368711465214
-0.365374760912875,0.613366067767367,-0.700202364320099
0.550804818200384,-0.453921565317909,-0.700406499674711
-0.708058234384743,0.0895924477943808,-0.700447521244933
0.419521233362651,0.577319252162656,-0.700502973469943
0.0432877688540981,0.710214627927486,-0.702653080364312
-0.0976982051163676,-0.703629834848837,-0.70381824090289
-0.509050583702218,-0.494256797252951,-0.704682709878486
-0.639416989616619,0.306636204315922,-0.705067480169342
-0.678677514878654,0.20034587644686,-0.706582168320765
0.632464677571551,0.314358585025517,-0.707931572713824
0.262056500049781,0.652551279856015,-0.710987494925148
0.49892554467112,0.4933372550552,-0.712524844232976
0.569976620215158,0.406221027874657,-0.714220644423391
-0.414746542757078,-0.561423009226209,-0.716093227158614
-0.20721260441765,-0.666168605076346,-0.716437245110198
0.158346622302644,0.679039226277753,-0.716820811905914
-0.313558777947108,-0.61900183365727,-0.720081677798604
0.300878677990312,-0.624370531198859,-0.720856061153166
0.669288234169476,-0.179763435810184,-0.720928822248093
0.687891620816949,0.0226635456618602,-0.725459496945118
0.104477874560006,-0.677822077806431,-0.7277648003068
-0.605373610817579,-0.312929764722665,-0.73184544384474
-0.433997658241118,0.524734840586462,-0.732324640931825
-0.257442654789241,0.628607305903427,-0.733877465562136
-0.666891328668059,-0.111634499634274,-0.736745338796762
0.381543473025995,-0.54525324000991,-0.746407048767599
0.607884665025435,-0.267903076990131,-0.747465166657374
0.325735002872644,0.578724832349052,-0.747645822783837
0.64726950836001,0.124284987665133,-0.75206078570051
-0.493935958729453,0.43078173933987,-0.755284291989005
-0.146775988899289,0.63754812107974,-0.756299677634686
-0.00789437837591475,-0.653705955050604,-0.756707475264673
-0.521102676894204,-0.39078536331192,-0.75877453828846
-0.651001792371898,0.00561705458821117,-0.759055409720746
0.45822431548287,-0.456893795583405,-0.762416248684172
0.535940821750022,-0.362487499872894,-0.762476391777352
0.192842969947371,-0.614904958204371,-0.764659062143095
0.638263727060048,-0.0748917194210248,-0.766166199385995
-0.0350099532280499,0.640604473797349,-0.767072494178869
-0.545978027570404,0.331697303075291,-0.769340556933605
-0.606157862620093,-0.200415364794888,-0.769679366449415
0.0791867992658725,0.632834451696645,-0.770227244109058
0.597582440585781,0.222807161617626,-0.770228664381844
-0.625670752844395,0.119335008609095,-0.770905483671893
0.39919712139803,0.492501392115186,-0.773358931565499
-0.590113222377795,0.227834585681124,-0.77450486528001
-0.32715703711595,0.54062145616465,-0.775046265844773
-0.119656523493856,-0.620072994437141,-0.775365589870431
-0.43038616952909,-0.4621151301947,-0.775382068094957
0.539079453936207,0.317376985434055,-0.780169976005635
0.472417249539747,0.407105174176436,-0.781720742654354
0.212264103632529,0.584671473728777,-0.783009079204641
-0.332209934591462,-0.525291260775577,-0.783393675434989
-0.228198026200759,-0.577423399082611,-0.78390552940387
0.278421241429712,-0.540845330119917,-0.793705197921883
0.581560310274205,-0.168998682344325,-0.795755647720864
0.60056995454385,0.0283358709465994,-0.799069964469254
0.0817458666279907,-0.594747122577265,-0.799745880561633
-0.528056050524326,-0.282166894304444,-0.800961079743101
-0.588804132598207,-0.0807801634461639,-0.80422898395226
-0.389342088800707,0.448792911897447,-0.804361647593241
-0.217431880389238,0.552484654751987,-0.804663956974573
0.360137741082433,-0.455903888151946,-0.813911820909354
0.51610610203884,-0.265735172905444,-0.814259976493496
0.290961571824005,0.498604496282052,-0.816538376323505
0.440983505580268,-0.362811571072928,-0.820914923546729
0.554524566506621,0.12900845722402,-0.822106637307669
-0.105924752524304,0.558413233638893,-0.822772512484235
-0.0293061722667285,-0.567280239323353,-0.823003206761864
-0.44457795287818,0.352251937903289,-0.823570893158582
-0.566079965603934,0.0358290083378442,-0.823571341599121
0.119469964578477,0.553888865667956,-0.823974545755318
-0.437774659254704,-0.356449701781621,-0.825407146694418
0.00574538256115198,0.55806099374585,-0.829780041841583
0.170588933765479,-0.528775829398368,-0.831441842777247
-0.49270139818509,0.251151782351202,-0.833167518838962
-0.533394733435869,0.145757658476241,-0.833213516056
0.546552608400456,-0.0675262133432435,-0.834697823623724
-0.524223607888875,-0.167824362429923,-0.834879986768734
0.499672444242657,0.226399810664443,-0.83610440388487
0.364990078949414,0.408794294016952,-0.836462472229138
-0.345949834237158,-0.423800850172915,-0.83708515193139
-0.139918333528998,-0.528161283381518,-0.837537174505858
0.436000401872606,0.319586963424978,-0.841289380876597
-0.279319935439044,0.462265583407385,-0.84160020441024
-0.24592054462403,-0.480294843952326,-0.841926332053245
0.189958463346323,0.481777474247363,-0.855456747890234
0.256956534114176,-0.449620302048425,-0.855461818880255
0.48688212670317,-0.165126940659298,-0.857717254207644
-0.444106213660188,-0.248442485099275,-0.860840288663413
0.0599859784395324,-0.503036346791776,-0.862181022869928
0.504048792655983,0.0334886116782389,-0.863025681836821
-0.50203631718055,-0.0492302580131933,-0.86344421819116
-0.16603311665542,0.470920457681728,-0.866410368538212
-0.336587159261525,0.368324854320532,-0.866629035925992
0.341209651206806,-0.359990193297504,-0.868321964856904
0.419501250958848,-0.263700090644693,-0.868608636059959
0.258914460758346,0.401276584096669,-0.87860139145458
0.0670365102417759,0.472485240828732,-0.878785413792024
-0.0506183100651127,0.473484437053518,-0.87934650425999
-0.0491642888354586,-0.473399012758898,-0.879474983966118
-0.470451257986409,0.061074957076751,-0.880309867874419
-0.387817542620955,0.269772466852478,-0.88137413722197
0.453346403767023,0.132076600973361,-0.881494645285399
-0.346693049590697,-0.315232903949163,-0.883420707043524
-0.432458734026312,0.167266084083354,-0.88600310410279
0.149082578513202,-0.435933556333296,-0.887545108288283
-0.158393571412766,-0.427865325676021,-0.889855459959235
-0.25963518463576,-0.373719766478774,-0.89046229961869
0.327844506256574,0.315493260466931,-0.890495357830308
-0.434789411095729,-0.133944369856982,-0.890515060952169
0.394246931601808,0.226534691470117,-0.890646613693163
0.447533516572879,-0.0630495803001828,-0.892041760215229
-0.223293658188874,0.379589586422301,-0.897803813810332
0.236987643698513,-0.352571131932181,-0.905279213095213
0.387057023195103,-0.161105733294243,-0.907872129484692
0.139385812164411,0.394694656024071,-0.908178244549663
-0.35304178729792,-0.211318044501768,-0.91143084240629
0.318681238859508,-0.25909703752292,-0.911762574986392
0.0383456224525216,-0.402804275082191,-0.914482547244199
-0.402762152039194,-0.0254819830344666,-0.9149498988608
0.399759826933331,0.0378234723443684,-0.915839213896221
-0.106362096259302,0.385418137161117,-0.916591492447198
-0.277085904537965,0.28413368135735,-0.917873331470469
0.0138030275784732,0.387341998316389,-0.921832768331618
-0.069043812988653,-0.373515855156405,-0.925050732573499
0.209610993906616,0.312064390909516,-0.926649365811985
-0.366402393794066,0.080470856526336,-0.926970186722257
-0.324748648903045,0.183776428432058,-0.927773969988598
0.343331687703146,0.135039544118745,-0.92945557921996
-0.180922911962831,-0.317871069234488,-0.930712030259958
0.128126366783832,-0.338510136935662,-0.932198756342538
0.278494228888774,0.225766035855663,-0.933525929757533
-0.257267754762261,-0.239809319637323,-0.936111527850538
-0.330016696580605,-0.112827842608743,-0.93720801208178
0.342560740306425,-0.0577625107093504,-0.937718311411943
-0.161123490826876,0.293464225542437,-0.942293992886795
0.214129352209281,-0.250782646189078,-0.944063919919005
0.282877999154904,-0.154803566894749,-0.946581160424599
0.0853414624526824,0.306557328468358,-0.948018691349902
-0.0409173541317317,0.298559336096087,-0.953513551534913
-0.295616719041051,-0.00902073430265221,-0.955264037727813
0.0165390462316854,-0.293352104155141,-0.955861393161947
0.288496148779015,0.0427097101951975,-0.956528019869109
-0.212474101816219,0.196737318746991,-0.957156822819352
-0.0879919568348892,-0.271741118243333,-0.958339282398582
-0.256648605613866,0.0942104864753097,-0.961902218250142
0.155702278238958,0.22255096921519,-0.962407328864747
0.224720357092961,0.135471509274449,-0.964960222642838
0.105137695419497,-0.238180100297426,-0.965513492823474
-0.23051676160627,-0.112638481957891,-0.96652707928996
-0.163177980605234,-0.194636878944504,-0.967207026442809
0.232023331457316,-0.0510781094274488,-0.971368210513792
0.174460398317621,-0.146110213327683,-0.973763510807524
-0.0951115003388656,0.205349949648048,-0.974056056232306
0.0298275471185959,0.215677734621263,-0.9760089304005
-0.188450909337858,-0.00294968019457773,-0.982078181285219
-0.042563271384961,-0.179068271540481,-0.982915521322415
-0.146052489603284,0.106062251195982,-0.98357484166276
0.169318130147576,0.0433069342914519,-0.984609506477367
0.100262107204612,0.130836586788302,-0.986321092452391
0.0577510987728577,-0.148956481630199,-0.987155903173799
-0.118063739653173,-0.0913098341989146,-0.988799002607544
0.113566880928955,-0.0511512600474779,-0.992212735330294
-0.0251003343244442,0.121011014826227,-0.992333768198749
-0.0773184489304829,0.0208118495690471,-0.996789207592307
-0.00856167208426552,-0.0632951380130194,-0.997958127014874
0.0450395514605267,0.0360363756282829,-0.99833502314394
